Item,Name,Type(RD/WR),Code(VCP),Tag0('O'),Tag1('S'),Tag2('T'),Tag3('A'),Tag4('R'),HiCmd,LoCmd,HiData,LoData,Description
1,ECO Mode,R/W,0xE6,0x4F,0x53,0x54,0x41,0x52,0x00,0x11,0x00,EcoModeIdx,"[0..5] follow osd layout sequence, start from 0"
2,Gamma,R/W,0xE6,0x4F,0x53,0x54,0x41,0x52,0x00,0x12,0x00,GammaIdx,[0..2]
3,DCR,R/W,0xE6,0x4F,0x53,0x54,0x41,0x52,0x00,0x13,0x00,Flag,"1: ON
0: OFF"
4,Set Timing Shutdown function,R/W,0xE6,0x4F,0x53,0x54,0x41,0x52,0x00,0x41,0x00,0x00,"TimeData: 16 bits data (in seconds)
TimeData: 0= disable timing shutdown"
5,Over Drive,R/W,0xE6,0x4F,0x53,0x54,0x41,0x52,0x00,0x51,0x00,OverDriveIndex,"0x00 = Off
0x01 = Weak
0x02 = Medium
0x03 = Strong
0x04 = Boost"
6,HDR Mode,R/W,0xE6,0x4F,0x53,0x54,0x41,0x52,0x00,0x52,0x00,HDRModeIndex,"Old model :
0x00 = Disable
0x01 = Auto
New model :
HDR
0x00 = Off
0x01 = DisplayHDR
0x02 = HDR Picture
0x03 = HDR Movie
0x04 = HDR Game
HDR Mode
0x00 = Off
0x01 = HDR Pivture
0x02 = HDR Movie
0x03 = HDR Game"
7,LED Color,R/W,0xE6,0x4F,0x53,0x54,0x41,0x52,0x00,0x53,0x00,LEDColorIndex,"0x00 = Red
0x01 = Green
0x02 = Blue"
8,LED Intensity,R/W,0xE6,0x4F,0x53,0x54,0x41,0x52,0x00,0x54,0x00,LEDIntesityIndex,"0x00 = Off
0x01 = Weak
0x02 = Medium
0x03 = Strong"
9,Low Input Lag,R/W,0xE6,0x4F,0x53,0x54,0x41,0x52,0x00,0x55,0x00,Flag,
10,USB Charging,R/W,0xE6,0x4F,0x53,0x54,0x41,0x52,0x00,0x56,0x00,Flag,
11,Game Color,R/W,0xE6,0x4F,0x53,0x54,0x41,0x52,0x00,0x57,0x00,Value,
12,Shadow Control,R/W,0xE6,0x4F,0x53,0x54,0x41,0x52,0x00,0x58,0x00,Value,
13,LowBlue Mode,R/W,0xE6,0x4F,0x53,0x54,0x41,0x52,0x00,0x59,0x00,LowBlueModeIndex,"Old model:
0x00 = Off
0x01 = Weak
0x02 = Medium
0x03 = Strong
New Model:
0x00 = Off
0x01 = Reading
0x02 = Office
0x03 = Internet
0x04 = Multimedia"
14,Dial Point,R/W,0xE6,0x4F,0x53,0x54,0x41,0x52,0x00,0x5A,0x00,Flag,"0x00 = Off
0x01 = On"
15,Frame Counter,R/W,0xE6,0x4F,0x53,0x54,0x41,0x52,0x00,0x5B,0x00,Frame Counter Index,"0x00 = Off
0x01 = Right-Up
0x02 = Right-Down
0x03 = Left-Down
0x04 = Left-Up"
16,Light FX,R/W,0xE6,0x4F,0x53,0x54,0x41,0x52,0x00,0x60,0x00,Light FX Index,"0x00 = Off
0x01 = Low
0x02 = Medium
0x03 = Strong"
17,Light FX Mode,R/W,0xE6,0x4F,0x53,0x54,0x41,0x52,0x00,0x61,0x00,Light FX Mode Index,"Some model doesn’t have Audio item :
0x00 = Static
0x01 = Simple Shift
0x02 = Gradient Shift
0x03 = Simple Filling
0x04 = 1 Way Filling
0x05 = 2 Way Filling
0x06 = Breathing
0x07 = Motion Point
0x08 = Zoom
0x09 = Discolor
0x0A = Water Wave
0x0B = Flashing
0x0C = Demo
Had Audio item models :
0x00 = Audio
0x01 = Static
0x02 = Simple Shift
0x03 = Gradient Shift
0x04 = Simple Filling
0x05 = 1 Way Filling
0x06 = 2 Way Filling
0x07 = Breathing
0x08 = Motion Point
0x09 = Zoom
0x0A = Discolor
0x0B = Water Wave
0x0C = Flashing
0x0D = Demo
Had Audio2 item models :
0x00 = Audio1
0x01 = Audio2
0x02 = Static
0x03 = Dark Point Sweep
0x04 = Gradient Shift
0x05 = Spread Fill
0x06 = Drip Fill
0x07 = Spreading Drip Fill
0x08 = Breathing
0x09 = Light Point Sweep
0x0A = Zoom
0x0B = Rainbow
0x0C = Wave
0x0D = Flashing
0x0E = Demo
"
18,Pattern,R/W,0xE6,0x4F,0x53,0x54,0x41,0x52,0x00,0x62,0x00,PatternIndex,"0x00 = Red
0x01 = Green
0x02 = Blue
0x03 = Rainbow
0x04 = User define"
19,Foreground R,R/W,0xE6,0x4F,0x53,0x54,0x41,0x52,0x00,0x63,0x00,Value,
20,Foreground G,R/W,0xE6,0x4F,0x53,0x54,0x41,0x52,0x00,0x64,0x00,Value,
21,Foreground B,R/W,0xE6,0x4F,0x53,0x54,0x41,0x52,0x00,0x65,0x00,Value,
22,Background R,R/W,0xE6,0x4F,0x53,0x54,0x41,0x52,0x00,0x63,0x00,Value,
23,Background G,R/W,0xE6,0x4F,0x53,0x54,0x41,0x52,0x00,0x64,0x00,Value,
24,Background B,R/W,0xE6,0x4F,0x53,0x54,0x41,0x52,0x00,0x65,0x00,Value,
25,Select Color Preset,R/W,0xE6,0x4F,0x53,0x54,0x41,0x52,0x00,0x71,0x00,Value,"0x01 = sRGB
0x05 = Warm (6500K)
0x06 = Normal (7300K)
0x08 = Cool (9300K)
0x0B = User
0x0E = Adobe RGB"
26,Input Source,R/W,0xE6,0x4F,0x53,0x54,0x41,0x52,0x00,0x72,0x00,Value,"0x01 VGA/analog
0x03 DVI1
0x0F Display Port 1
0x10 Display Port 2
0x11 HDMI 1
0x12 HDMI 2
0x13 USB-C/DisplayPort 3
0x15 HDMI3
0x15 USB C1
0x16 USB C2"
27,Display Scaling,R/W,0xE6,0x4F,0x53,0x54,0x41,0x52,0x00,0x73,0x00,Value,"0x01 = 1:1
0x02 = Full scale to max range (Wide)
0x05 = Full scale with Aspect Ratio (4:3)
0x0B = 17"" (4:3) AR
0x0C = 19"" (4:3) AR
0x0D  = 19"" (5:4) AR
0x0E = 19""W (16:10) AR
0x0F = 21.5"" (16:9) AR
0x10 = 22""W (16:10) AR
0x11 = 23""W (16:9) AR
0x12 = 23.6""W (16:9)
0x13 = 24""W (16:9) AR
0x14 = 27""W (16:9) AR
0x15 = 30”W (21:9) 
0x16 = 32”W (16:9) 
0x17 = 34”W (21:9) 
0x18 = 40” W(16:9) 
0x19 = 42” W(16:9)
0x21 = Movie1
0x22 =  Movie2"
28,Application Enable Key,R,0xE6,0x4F,0x53,0x54,0x41,0x52,0x00,0x74,0x00,Value,A 2-byte value used to allow an application to only operate with verified product. 0x0040 64 Decimal
29,Display Application (Splendid),R/W,0xE6,0x4F,0x53,0x54,0x41,0x52,0x00,0x75,0x00,Value,"Modified/New:
0x00 = Off
0x0B = FPS
0x0C = RTS
0x0D = Racing
0x0E = Gamer1
0x0F = Gamer2
0x10 = Gamer3"
